<?xml version="1.0" encoding="UTF-8"?>
<project-private xmlns="http://www.netbeans.org/ns/project-private/1">
    <editor-bookmarks xmlns="http://www.netbeans.org/ns/editor-bookmarks/2" lastBookmarkId="0"/>
    <open-files xmlns="http://www.netbeans.org/ns/projectui-open-files/2">
        <group>
            <file>file:/D:/2.godina_IPI/Zimski%20semestar/Uzorci%20dizajna/zadaca3/zorhrncic_zadaca_3/zorhrncic_zadaca_3/DZ_3_ulice.txt</file>
            <file>file:/D:/2.godina_IPI/Zimski%20semestar/Uzorci%20dizajna/zadaca3/zorhrncic_zadaca_3/zorhrncic_zadaca_3/DZ_3_parametri.txt</file>
            <file>file:/D:/2.godina_IPI/Zimski%20semestar/Uzorci%20dizajna/zadaca3/zorhrncic_zadaca_3/zorhrncic_zadaca_3/DZ_3_dispecer.txt</file>
            <file>file:/D:/2.godina_IPI/Zimski%20semestar/Uzorci%20dizajna/zadaca3/zorhrncic_zadaca_3/zorhrncic_zadaca_3/src/org/foi/uzdiz/zorhrncic/dz3/LoadInitData.java</file>
            <file>file:/D:/2.godina_IPI/Zimski%20semestar/Uzorci%20dizajna/zadaca3/zorhrncic_zadaca_3/zorhrncic_zadaca_3/src/org/foi/uzdiz/zorhrncic/dz3/vt100/VT100View.java</file>
            <file>file:/D:/2.godina_IPI/Zimski%20semestar/Uzorci%20dizajna/zadaca3/zorhrncic_zadaca_3/zorhrncic_zadaca_3/src/org/foi/uzdiz/zorhrncic/dz3/ezo/strategy/PickUpStrategy.java</file>
            <file>file:/D:/2.godina_IPI/Zimski%20semestar/Uzorci%20dizajna/zadaca3/zorhrncic_zadaca_3/zorhrncic_zadaca_3/src/org/foi/uzdiz/zorhrncic/dz3/iterator/IIterator.java</file>
            <file>file:/D:/2.godina_IPI/Zimski%20semestar/Uzorci%20dizajna/zadaca3/zorhrncic_zadaca_3/zorhrncic_zadaca_3/src/org/foi/uzdiz/zorhrncic/dz3/iterator/CommandRepository.java</file>
        </group>
    </open-files>
</project-private>
